<?xml version="1.0" encoding="UTF-8"?>
<project-private xmlns="http://www.netbeans.org/ns/project-private/1">
    <editor-bookmarks xmlns="http://www.netbeans.org/ns/editor-bookmarks/2" lastBookmarkId="0"/>
    <open-files xmlns="http://www.netbeans.org/ns/projectui-open-files/2">
        <group>
            <file>file:/C:/Users/Noturno/Desktop/E1-Pronto/E1/src/Exercicio4/Cachorro.java</file>
            <file>file:/C:/Users/Noturno/Desktop/E1-Pronto/E1/src/Exercicio4/CachorroTela.java</file>
            <file>file:/C:/Users/Noturno/Desktop/E1-Pronto/E1/src/Exercicio4/Celular.java</file>
            <file>file:/C:/Users/Noturno/Desktop/E1-Pronto/E1/src/Exercicio4/CelularTela.java</file>
        </group>
    </open-files>
</project-private>
